{"green_block": [[258.8359375, 294.0426330566406, 292.43218994140625, 337.0342712402344], "a block of wood"], "yellow_block": [[260.29193115234375, 254.35812377929688, 293.589111328125, 295.5762634277344], "a block of wood"], "orange_block": [[255.84237670898438, 130.65126037597656, 288.8839416503906, 173.2827911376953], "a block of wood"], "purple_block": [[258.26324462890625, 172.67269897460938, 291.53985595703125, 213.06170654296875], "a block of wood"], "pink_block": [[255.7056884765625, 212.857177734375, 290.3319091796875, 255.3494873046875], "a block of pink sand"], "red_block": [[253.13729858398438, 88.16922760009766, 285.4183654785156, 131.613037109375], "it is a red block"]}