{"blue_block": [[231.6700439453125, 274.3977966308594, 263.79949951171875, 320.3064880371094], "it is a blue block"], "yellow_block": [[299.6602783203125, 274.6703796386719, 335.20660400390625, 320.0164489746094], "it is a cube"], "purple_block": [[357.4784240722656, 238.59107971191406, 397.9282531738281, 279.47955322265625], "it is a block of wood"], "red_block": [[359.8325500488281, 277.9544982910156, 399.1989440917969, 319.1269836425781], "it is a red block"], "orange_block": [[163.31158447265625, 274.5462341308594, 199.14141845703125, 321.1358337402344], "it is a wooden block"]}