{"green_block": [[212.6644287109375, 273.6322937011719, 243.24603271484375, 317.3490905761719], "a square block"], "yellow_block": [[153.93292236328125, 273.8445129394531, 188.70516967773438, 316.0308532714844], "it is a cube"], "pink_block": [[272.60205078125, 273.5529479980469, 303.59222412109375, 315.1421813964844], "a block of wood"], "red_block": [[332.51263427734375, 277.79437255859375, 367.87451171875, 315.263671875], "a block of wood"], "purple_block": [[330.2377624511719, 239.8951416015625, 365.4251403808594, 279.30535888671875], "a block of wood"]}