{"green_block": [[289.5844421386719, 212.78762817382812, 323.3576354980469, 251.34579467773438], "a block of wood"], "blue_block": [[286.14337158203125, 174.1967010498047, 322.7119140625, 215.59925842285156], "it is a blue block with green and white"], "yellow_block": [[286.4307861328125, 250.4186248779297, 319.92327880859375, 290.39892578125], "it is a block of wood"], "purple_block": [[290.4203186035156, 132.0450897216797, 325.5108947753906, 174.7906951904297], "a styrofoam block"], "orange_block": [[212.23350524902344, 284.6848449707031, 244.1139678955078, 331.1078796386719], "a block of wood"], "red_block": [[288.7956237792969, 288.9565124511719, 322.7572937011719, 329.3572082519531], "a sandbox"]}