{"green_block": [[260.41522216796875, 126.6644287109375, 292.4176025390625, 168.26739501953125], "a square block"], "blue_block": [[259.8995056152344, 207.21664428710938, 292.0356750488281, 247.02682495117188], "a square block"], "yellow_block": [[260.9893493652344, 283.8342590332031, 292.0719299316406, 325.4201965332031], "a block of wood"], "red_block": [[258.15380859375, 245.9632110595703, 288.91961669921875, 285.3166809082031], "a red block with a black background"], "orange_block": [[257.11553955078125, 167.5748291015625, 288.58905029296875, 208.12420654296875], "a block of wood"]}