{"green_block": [[132.9914093017578, 277.1385192871094, 170.8955535888672, 320.9620056152344], "it is a cube"], "yellow_block": [[197.4978485107422, 277.392822265625, 228.7010955810547, 320.70330810546875], "it is a square"], "pink_block": [[265.04815673828125, 276.9116516113281, 295.4447021484375, 319.1142272949219], "a block of pink leather"], "red_block": [[321.55316162109375, 277.2540588378906, 356.05810546875, 319.3124084472656], "it is a red block"], "blue_block": [[124.61854553222656, 268.73370361328125, 178.83055114746094, 328.839599609375], "it is a styrofoam block"]}