{"yellow_block": [[234.89285278320312, 285.4315490722656, 265.5533447265625, 327.6479187011719], "a block of wood"], "purple_block": [[236.83953857421875, 206.9873046875, 267.8025207519531, 248.71804809570312], "a block of purple"], "pink_block": [[230.949462890625, 247.15011596679688, 261.7861328125, 288.6257629394531], "a pink block"], "red_block": [[311.9912414550781, 286.2311096191406, 347.1789855957031, 326.8358459472656], "it is a red block"], "orange_block": [[308.517578125, 246.5102081298828, 345.47998046875, 287.4109802246094], "it is a wooden block"]}