{"blue_block": [[223.59043884277344, 288.1569519042969, 254.3207550048828, 328.6690979003906], "a block of blue"], "purple_block": [[226.87359619140625, 252.220947265625, 255.82522583007812, 290.61505126953125], "a block of wood"], "pink_block": [[222.53433227539062, 213.6175537109375, 252.71041870117188, 253.14077758789062], "a square block"], "red_block": [[293.28704833984375, 284.44189453125, 325.69622802734375, 327.07373046875], "it is a red block"]}