{"green_block": [[382.87548828125, 272.6619567871094, 424.97113037109375, 317.2271423339844], "it is a cube"], "blue_block": [[118.17668151855469, 273.2625732421875, 159.24586486816406, 318.908447265625], "it is a blue block"], "yellow_block": [[284.0192565917969, 273.05828857421875, 316.8374938964844, 317.334716796875], "it is a yellow block"], "red_block": [[175.03732299804688, 272.8741455078125, 209.86184692382812, 318.70416259765625], "it is a cube"], "orange_block": [[332.9198303222656, 272.62640380859375, 370.9756164550781, 317.15216064453125], "it is a cube"]}