{"green_block": [[193.58753967285156, 280.7400817871094, 225.3638458251953, 320.0926208496094], "a block of wood"], "yellow_block": [[192.96609497070312, 203.69601440429688, 225.4598388671875, 244.01495361328125], "a block of yellow"], "pink_block": [[190.53211975097656, 243.0091552734375, 222.24827575683594, 282.3973388671875], "a block of wood"], "red_block": [[264.2756652832031, 241.623046875, 293.7624206542969, 281.2401123046875], "a square block of red"], "orange_block": [[320.2051086425781, 275.1460266113281, 357.0251770019531, 317.2146301269531], "it is a block of wood"], "purple_block": [[261.48541259765625, 279.94439697265625, 290.39544677734375, 318.1920166015625], "a block of wood"]}